RTYPE,SCHEME,RING,RINFO,SPEC,RACE,AGE,SEX,SXMTD,DATE,PLACE,SITE,LAT,LONG,FIND,CIRCUMSTANCE,COND,ACT,ACT2,HAB1,HAB2,IRPL,GRID,SCHEM2,RING2,WING,WINGINIT,WT,WTDATE,INIT,POINT,PRIML,MOULT,PPSC,PPMLT,OGC,ALULA,BLMTD,BILL,THL,BDMTD,BILLD,TSMTD,TARSUS,TAIL,CLAW,PLUM,PATCH,FAT,PEC,MTHOD,PULALIV,PULRING,PULCODE,OWN,OWN2,USERC1,USERC2,USERC3,USERC4,USERC5,USERV1,USERV2,USERV3,USERV4,USERV5,TEXT,CAPTURETYPE,FATMTD,SAMPLE,HTTIME,FINDER,BODYMOULT,TAILFORK,EXTRACTINIT,RINGINIT,CHECKINIT,PROJECT1,PROJECTREG1,PROJECT2,PROJECTREG2,PROJECT3,PROJECTREG3,LB,LA,RB,RA,LW,RW,NC,SSMLT,PCMLT,GCMLT,CCMLT,ALULAMLT,TAILMLT,LPPMLT,LSSMLT,LPCMLT,LGCMLT,LCCMLT,LALULAMLT,LTAILMLT,LMCMLT,UWCMLT,HEADMLT,UPPMLT,UNPMLT
N,GBT,P028947,,NIGAL,,6,,,11/02/2001 00:00,KARTON,,13.100,-16.757,,,,,,J1,,VM00,,,,,MK,,,,,,,,,,,,,,,,,,,,,,,,,,,,,,,,,,,,,,,,,,,,,,,,,MK,,,,,,,,,,,,,,,,,,,,,,,,,,,,,,,,
N,GBT,P028952,,NIGAL,,4,,,12/02/2001 00:00,KARTON,,13.100,-16.757,,,,,,J1,,VM00,,,,,MK,,,,,,,,,,,,,,,,,,,,,,,,,,,,,,,,,,,,,,,,,,,,,,,,,MK,,,,,,,,,,,,,,,,,,,,,,,,,,,,,,,,
N,GBT,P028995,,NIGAL,,4,,,20/02/2001 00:00,KARTON,,13.100,-16.757,,,,,,J1,,VM00,,,,,MK,,,,,,,,,,,,,,,,,,,,,,,,,,,,,,,,,,,,,,,,,,,,,,,,,MK,,,,,,,,,,,,,,,,,,,,,,,,,,,,,,,,
N,GBT,P483930,,NIGAL,,3,M,,25/12/2003 09:30,TANJI,,13.367,-16.784,,,,,,A1,,VM00,,,,84,,20.8,25/12/2003 09:30,,,,,,,,,,,,,,,,,,,,,,,,,,,,,,,,,,,,,,gambia,,,,,,,,,,,,,,,,,,,,,,,,,,,,,,,,,,,,,,,,,
N,GBT,P483939,,NIGAL,,4,,,31/01/2004 07:50,TANJI,,13.367,-16.784,,,,,,A1,,VM00,,,,86,,21.8,31/01/2004 07:50,,,,,,,,,,,,,,,,,,,,,,,,,,,,,,,,,,,,,,gambia,,,,,,,,,,,,,,,,,,,,,,,,,,,,,,,,,,,,,,,,,
R,GBT,P483939,,NIGAL,,4,,,06/02/2004 07:10,TANJI,,13.367,-16.784,8,20,,,,A1,,VM00,,,,86,,22.6,06/02/2004 07:10,,,,,,,,,,,,,,,,,,,,,,,,,,,,,,,,,,,,,,gambia,,,,,,,,,,,,,,,,,,,,,,,,,,,,,,,,,,,,,,,,,
N,GBT,P483952,,NIGAL,,5,M,,03/03/2004 09:40,TANJI,,13.367,-16.784,,,,,,A1,,VM00,,,,86,,22.2,03/03/2004 09:40,,,,,,,,,,,,,,,,,,,,,,,,,,,,,,,,,,,,,,gambia,,,,,,,,,,,,,,,,,,,,,,,,,,,,,,,,,,,,,,,,,
R,GBT,P483952,,NIGAL,,5,,,11/03/2004 07:00,TANJI,,13.367,-16.784,8,20,,,,A1,,VM00,,,,86,,24.9,11/03/2004 07:00,,,,,,,,,,,,,,,,,,,,,,,,,,,,,,,,,,,,,,gambia,,,,,,,,,,,,,,,,,,,,,,,,,,,,,,,,,,,,,,,,,
N,GBT,P483848,,NIGAL,,4,,,06/11/2006 06:50,KARTON,,13.100,-16.757,,,,,,H2,A1,VM00,,,,83,,21.2,06/11/2006 06:50,,,,,,,,,,,,,,,,,,,,,,,,,,,,,,,,,,,,,,gambia,,,,,,,,,,,,,,,,,,,,,,,,,,,,,,,,,,,,,,,,,
N,GBT,P483883,,NIGAL,,4,,,23/11/2006 07:10,KARTON,,13.100,-16.757,,,,,,H2,A1,VM00,,,,86,,23,23/11/2006 07:10,,,,,,,,,,,,,,,,,,,,,,,,,,,,,,,,,,,,,,gambia,,,,,,,,,,,,,,,,,,,,,,,,,,,,,,,,,,,,,,,,,
N,GBT,R118839,,NIGAL,,3,M,,28/12/2009 07:50,KARTON,,13.100,-16.757,,,,,,H2,A1,VM00,,,,85,,18.7,28/12/2009 07:50,,,,,,,,,,,,,,,,,,,,,,,,,,,,,,,,,,,,,,gambia,,,,,,,,,,,,,,,,,,,,,,,,,,,,,,,,,,,,,,,,,
N,GBT,HX58442,,NIGAL,,5,,,10/03/2011 10:10,KARTON,BARRA1,13.080,-16.769,,,,,,H4,,VM00,,,,86,AB,32.5,10/03/2011 10:10,AB,,,,,,2,,,,,,,,,,,,,,,,,,,,,,,,,,,,,,,,,,,,,,,,,,,,,,,,,,,,,,,,,,,,,,,,,,,,,,,,
N,GBT,L142251,,NIGAL,,3J,,,14/06/2011 00:00,TM2243,,52.041,1.236,,,,,,J1,,GBSUF,TM2243,,,,,,,,,,,,,,,,,,,,,,,,,,,,,,,,,,,,,,,,,,,,,F,,,,,,,,,,,,,,,,,,,,,,,,,,,,,,,,,,,,,,,,
N,GBT,L305877,,NIGAL,,3,,,31/07/2011 00:00,TR0394,,51.609,0.931,,,,,,B1,E4,GBESS,TR0394,,,83,,22.7,31/07/2011 11:00,,,,,,,,,,,,,,,,,,,,,,,,,,,,,,,,,,,,,,,F,,,,,,,,,,,,,,,,,,,,,,,,,,,,,,,,,,,,,,,,
C,GBT,L142251,,NIGAL,,4,,,20/12/2011 08:40,KARTON,BARRA1,13.080,-16.769,8,20,,,,J1,,VM00,,,,87,KC,20.9,20/12/2011 08:40,KC,,,N,,,,,,,,,,,,,,,,10,,,,,,,,,,,,,,,,,,,,E,,,,,,,,,,,,,,,,,,,,,,,,,,,,,,,,,,,,,,,
N,GBT,L156259,,NIGAL,,3,,,20/12/2011 08:40,KARTON,BARRA1,13.080,-16.769,,,,,,J1,,VM00,,,,85,REB,17.9,20/12/2011 08:40,REB,,,N,,,,,,,,,,,,,,,,0,,,,,,,,,,,,,,,,,,,,E,,,,,,,,,,,,,,,,,,,,,,,,,,,,,,,,,,,,,,,
N,GBT,L930717,,NIGAL,,5,,,25/01/2012 10:40,KARTON,BARRA1,13.080,-16.769,,,,,,J1,,VM00,,,,82,LG,22.7,25/01/2012 10:40,LG,,,N,,,5,,,,,,,,,,,,,10,,,,,,,,,,,,,,,,,,,,E,,,,,,,,,,,,,,,,,,,,,,,,,,,,,,,,,,,,,,,
N,GBT,Y612036,,NIGAL,,6,,,28/01/2012 08:05,KARTON,BARRA2,13.081,-16.771,,,,,,J1,,VM00,,,,81,LG,21.4,28/01/2012 08:05,LG,,,N,,,,,,,,,,,,,,,,30,,,,,,,,,,,,,,,,,,,,E,,,,,,,,,,,,,,,,,,,,,,,,,,,,,,,,,,,,,,,
N,GBT,L930759,,NIGAL,,3,,,18/12/2012 10:00,KARTON,BARRA2,13.081,-16.771,,,M,,,B7,,VM00,,,,86,LJG,20,18/12/2012 10:00,LJG,,,N,,,7,,,,,,,,,,,,,0,,,,,,,,,,,,,,,,,Feather=megarhynchos,,,E,,,,,,,,,,,,,,,,,,,,,,,,,,,,,,,,,,,,,,,
C,GBT,L305877,,NIGAL,,2,,,19/12/2012 09:30,KARTON,BARRA2,13.081,-16.771,8,20,,,,B7,,VM00,,,,83,LJG,20.5,19/12/2012 09:30,LJG,,,N,,,,,,,,,,,,,,,,15,,,,,,,,,,,,,,,,,,,,E,,,,,,,,,,,,,,,,,,,,,,,,,,,,,,,,,,,,,,,
N,GBT,L930769,,NIGAL,,2,,,19/12/2012 09:40,KARTON,BARRA2,13.081,-16.771,,,,,,B7,,VM00,,,,82,LJG,19,19/12/2012 09:40,LJG,,,N,,,,,,,,,,,,,,,,0,,,,,,,,,,,,,,,,,,,,E,,,,,,,,,,,,,,,,,,,,,,,,,,,,,,,,,,,,,,,
N,GBT,Y612066,,NIGAL,,4,,,22/12/2012 07:30,KARTON,BARRA2,13.081,-16.771,,,,,,B7,,VM00,,,,84,LJG,20.1,22/12/2012 07:30,LJG,,,N,,,,,,,,,,,,,,,,0,,,,,,,,,,,,,,,,,,,,E,,,,,,,,,,,,,,,,,,,,,,,,,,,,,,,,,,,,,,,
N,GBT,Y612081,,NIGAL,,5,,,17/02/2013 08:00,KARTON,BARRA1,13.080,-16.769,,,,,,J1,,VM00,,,,82,GD,21.8,17/02/2013 08:00,GD,,,,,,,,,,,,,,,,,,,,,,,,,,,,,,,,,,,,,,,,,,,,,,,,,,,,,,,,,,,,,,,,,,,,,,,,,,,,,,
N,GBT,L156149,,NIGAL,,5,,,10/01/2014 08:40,KARTON,TESITO,13.095,-16.769,,,,,,J1,,VM00,,,,81,MKS,19.9,10/01/2014 08:40,MKS,,,O,,,,,,,,,,,,,,,,,,,,,,,,,,,,,,,,,no sample,2,,,,,,,,,,,,,,,,,,,,,,,,,,,,,,,,,,,,,,,,,
N,GBT,L930506,,NIGAL,,4,,,11/01/2014 07:50,KARTON,BARRA1,13.080,-16.769,,,,,,J1,,VM00,,,,82,PL,19.6,11/01/2014 07:50,PL,,,N,,,,,,,,,,,,,,,,,,,,,,,,,,,,,,,,,faecal sample 1,,,,,,,,,,,,,,,,,,,,,,,,,,,,,,,,,,,,,,,,,,
N,GBT,L156157,,NIGAL,,5,,,11/01/2014 08:20,KARTON,BARRA1,13.080,-16.769,,,,,,J1,,VM00,,,,86,MGP,21.6,11/01/2014 08:20,MGP,,,N,,,6,,,,,,,,,,,,,,,,,,,,,,,,,,,,,,faecal sample 2,2,,,,,,,,,,,,,,,,,,,,,,,,,,,,,,,,,,,,,,,,,
N,GBT,BJ28135,,NIGAL,,5,,,14/01/2014 09:30,KARTON,BARRA2,13.081,-16.771,,,,,,J1,,VM00,,,,84,GZD,19.6,14/01/2014 09:30,GZD,,,O,,,,,,,,,,,,,,,,,,,,,,,,,,,,,,,,,tarsus 2.5,refer to ringer,,,,,,,,,,,,,,,,,,,,,,,,,,,,,,,,,,,,,,,,,
N,GBT,BJ28136,,NIGAL,,5,,,14/01/2014 09:30,KARTON,BARRA2,13.081,-16.771,,,,,,J1,,VM00,,,,85,LJB,22.7,14/01/2014 09:30,LJB,,,O,,,6,,,,,,,,,,,,,,,,,,,,,,,,,,,,,,"tarsus 2.5, faecal sample 3",refer to ringer,,,,,,,,,,,,,,,,,,,,,,,,,,,,,,,,,,,,,,,,,
N,GBT,BJ28138,,NIGAL,,6,,,17/01/2014 09:50,KARTON,CAMP,13.091,-16.770,,,,,,J1,,VM00,,,,87,MGP,23.7,17/01/2014 09:50,MGP,,,N,,,,,,,,,,,,,,,,40,,,,,,,,,,,,,,,,,"faecal sample 4, muscle 2",refer to ringer,,E,,,,,,,,,,,,,,,,,,,,,,,,,,,,,,,,,,,,,,,
N,GBT,BJ28139,,NIGAL,,5,,,18/01/2014 07:40,KARTON,BARRA3,13.083,-16.770,,,,,,J1,,VM00,,,,82,REB,18.5,18/01/2014 07:40,REB,,,O,,,5,,,,,,,,,,,,,10,,,,,,,,,,,,,,,,,,REFER TO RINGER,,E,,,,,,,,,,,,,,,,,,,,,,,,,,,,,,,,,,,,,,,
N,GBT,Y612137,,NIGAL,,4,,,03/02/2015 09:00,KARTON,BARRA3,13.083,-16.770,,,,,,J1,,VM00,,,,83,OF,19.4,03/02/2015 09:00,OF,A,,O,,,,,,,,,,,,,,,,10,,M,,,,,,,,,,,,,,,,,,E,,,,,,,,,,,,,,,,,,,,,,,,,,,,,,,,,,,,,,,
N,GBT,Y612140,,NIGAL,,5,,,03/02/2015 10:00,KARTON,BARRA1,13.080,-16.769,,,,,,J1,,VM00,,,,81,MM,20.6,03/02/2015 10:00,MM,,,O,,,4,,,,,,,,,,,,,10,,M,,,,,,,,,,,,,,,,,,E,,,,,,,,,,,,,,,,,,,,,,,,,,,,,,,,,,,,,,,
R,GBT,L930769,,NIGAL,,4,,,05/02/2015 08:50,KARTON,BARRA1,13.080,-16.769,8,20,,,,J1,,VM00,,,,87,RW,18.9,05/02/2015 08:50,RW,,,O,,,,,,,,,,,,,,,,10,,M,,,,,,,,,,,,,,,,,,E,,,,,,,,,,,,,,,,,,,,,,,,,,,,,,,,,,,,,,,
N,GBT,NA82691,,NIGAL,,5,,,08/01/2016 08:00,KARTON,BARRA1,13.080,-16.769,,,,,,J1,,VM00,,,,80,JBL,19.5,08/01/2016 08:00,JBL,,,O,,,,,,,,,,,,,,,,0,,M,,,,,,,,,,,,,,,net 8; tarsus width=2.3mm,B rings used for NIGAL at KBO,,E,,,,,,,,,,,,,,,,,,,,,,,,,,,,,,,,,,,,,,,
N,GBT,NA82692,,NIGAL,,5,,,08/01/2016 08:30,KARTON,BARRA1,13.080,-16.769,,,,,,J1,,VM00,,,,84,IPG,22.2,08/01/2016 08:30,IPG,,,O,,,4,,,,,,,,,,,,,10,,M,,,,,,,,,,,,,,,net 1; tarsus width=2.2mm,B rings used for NIGAL at KBO,,E,,,,,,,,,,,,,,,,,,,,,,,,,,,,,,,,,,,,,,,
N,GBT,NA82698,,NIGAL,,6,,,11/01/2016 07:00,KARTON,STALA,13.072,-16.749,,,,,,J1,,VM00,,,,88,MM,18.4,11/01/2016 07:00,MM,,,O,,,,,,,,,,,,,,,,10,,M,,,,,,,,,,,,,,,net 2,B rings used for NIGAL at KBO,,E,,,,,,,,,,,,,,,,,,,,,,,,,,,,,,,,,,,,,,,
N,GBT,NA82699,,NIGAL,,6,,,11/01/2016 07:00,KARTON,STALA,13.072,-16.749,,,,,,J1,,VM00,,,,86,RAK,20.6,11/01/2016 07:00,RAK,,,N,,,,,,,,,,,,,,,,10,,M,,,,,,,,,,,,,,,net 2,B rings used for NIGAL at KBO,,E,,,,,,,,,,,,,,,,,,,,,,,,,,,,,,,,,,,,,,,
R,GBT,BJ28136,,NIGAL,,4,,,12/01/2016 07:50,KARTON,BARRA2,13.081,-16.771,8,20,,M,,J1,,VM00,,,,84,MFJ,22,12/01/2016 07:50,MFJ,,,M,,5555540000,,,,,,,,,,,,,,20,,M,,,,,,,,,,,,,,,net 2,,,E,,,,,,,,,,,,,,,,,,,,,,,,,,,,,,,,,,,,,,,
R,GBT,NA82692,,NIGAL,,5,,,12/01/2016 07:50,KARTON,BARRA2,13.081,-16.771,8,20,,,,J1,,VM00,,,,84,LVG,20.8,12/01/2016 07:50,LVG,,,O,,,4,,,,,,,,,,,,,0,,M,,,,,,,,,,,,,,,net 2,,,E,,,,,,,,,,,,,,,,,,,,,,,,,,,,,,,,,,,,,,,
R,GBT,NA82698,,NIGAL,,4,,,17/01/2016 07:00,KARTON,STALA,13.072,-16.749,8,20,,,,J1,,VM00,,,,88,JBL,19,17/01/2016 07:00,JBL,,,O,,,,,,,,,,,,,,,,10,,M,,,,,,,,,,,,,,,net 2,,,E,,,,,,,,,,,,,,,,,,,,,,,,,,,,,,,,,,,,,,,
R,GBT,NA82699,,NIGAL,,4,,,17/01/2016 07:00,KARTON,STALA,13.072,-16.749,8,20,,,,J1,,VM00,,,,87,MFJ,20.8,17/01/2016 07:00,MFJ,,,O,,,,,,,,,,,,,,,,10,,M,,,,,,,,,,,,,,,net 1,,,E,,,,,,,,,,,,,,,,,,,,,,,,,,,,,,,,,,,,,,,
N,GBT,BJ28150,,NIGAL,,4,,,17/01/2016 07:30,KARTON,STALA,13.072,-16.749,,,,,,J1,,VM00,,,,,,,,MFJ,,,,,,,,,,,,,,,,,,,0,,M,,,,,,,,,,,,,,,net 1,B rings used for NIGAL; ring error,,E,,,,,,,,,,,,,,,,,,,,,,,,,,,,,,,,,,,,,,,
R,GBT,L930769,,NIGAL,,4,,,18/01/2016 07:00,KARTON,BARRA1,13.080,-16.769,8,20,,,,J1,,VM00,,,,85,RW,18.5,18/01/2016 07:00,RW,,,N,,,,,,,,,,,,,,,,0,,M,,,,,,,,,,,,,,,net 9,,,E,,,,,,,,,,,,,,,,,,,,,,,,,,,,,,,,,,,,,,,
R,GBT,Y612137,,NIGAL,,4,,,18/01/2016 07:30,KARTON,BARRA3,13.083,-16.770,8,20,,,,J1,,VM00,,,,86,OF,19.6,18/01/2016 07:30,OF,,,O,,,,,,,,,,,,,,,,10,,M,,,,,,,,,,,,,,,net 1,,,E,,,,,,,,,,,,,,,,,,,,,,,,,,,,,,,,,,,,,,,
C,GBT,NA82699,I,NIGAL,,4,M,C,12/05/2016 07:30,TM1436,,51.982,1.115,8,20,,,,,,GBSUF,TM1436,,,87,GC,21.8,12/05/2016 07:30,GC,,,,,,,,,,,,,,,,,,,,,,,,,,,,,,,,,,,,,,R,,,,,,,,,,,,,,,,M,,Y,,,,,,,,,,,,,,,,,,,,,,
N,GBT,TZ28089,,NIGAL,,3J,,,24/06/2016 06:40,TQ9834,,51.072,0.825,,,,,,A3,,GBKEN,TQ9834,,,80,,19.4,24/06/2016 06:40,,,,,,,,,,,,,,,,,,,,,,,,,,,,,,,,,,,,,,,F,,,,,,,,,,,,,,,,,,,,,,,,,,,,,,,,,,,,,,,,
N,GBT,NA82757,,NIGAL,,4,,,17/11/2016 07:30,KARTON,BARRA2,13.081,-16.771,,,,,,J1,,VM00,,,,86,MYH,21.5,17/11/2016 07:30,MYH,,,N,,,,,,,,,,,,,,,,2,,M,,,,,,,,,,,,,,,,B rings used for NIGAL at KBO,,B,,,,,,,,,,,,,,,,,,,,,,,,,,,,,,,,,,,,,,,
N,GBT,TR12103,,NIGAL,,3,,,20/11/2016 07:30,KARTON,BARRA1,13.080,-16.769,,,,,,J1,,VM00,,,,83,MW,18.9,20/11/2016 07:30,MW,,,N,,,,,,,,,,,,,,,,0,,M,,,,,,,,,,,,,,,,B rings used for NIGAL at KBO resubmissi,,B,,,,,,,,,,,,,,,,,,,,,,,,,,,,,,,,,,,,,,,
N,GBT,TR12105,,NIGAL,,4,,,22/11/2016 07:00,KARTON,BARRA3,13.083,-16.770,,,,,,J1,,VM00,,,,80,RW,19.2,22/11/2016 07:00,RW,,,N,,,,,,,,,,,,,,,,0,,M,,,,,,,,,,,,,,,net 2,B rings used for NIGAL at KBO resubmissi,,B,,,,,,,,,,,,,,,,,,,,,,,,,,,,,,,,,,,,,,,
R,GBT,BJ28150,,NIGAL,,4,,,24/11/2016 07:00,KARTON,STALA,13.072,-16.749,8,20,,,,J1,,VM00,,,,83,OF,19.6,24/11/2016 07:00,OF,,,O,,,,,,,,,,,,,,,,1,,M,,,,,,,,,,,,,,,net 2,,,B,,,,,,,,,,,,,,,,,,,,,,,,,,,,,,,,,,,,,,,
R,GBT,NA82699,,NIGAL,,4,,,24/11/2016 08:30,KARTON,STALA,13.072,-16.749,8,20,,,,J1,,VM00,,,,86,RW,20.7,24/11/2016 08:30,RW,,,N,,,,,,,,,,,,,,,,0,,M,,,,,,,,,,,,,,LBM;RBY,net 1,,,B,,,,,,,,,,,,,,,,,,,,,,,,,,,,,,,,,,,,,,,
N,GBT,TR12107,,NIGAL,,3,,,24/11/2016 10:00,KARTON,STALA,13.072,-16.749,,,,,,J1,,VM00,,,,82,MYH,18.7,24/11/2016 10:00,MYH,,,O,,,,,,,,,,,,,,,,1,,M,,,,,,,,,,,,,,,net 6,B rings used for NIGAL at KBO resubmissi,,B,,,,,,,,,,,,,,,,,,,,,,,,,,,,,,,,,,,,,,,
C,GBT,TZ28089,,NIGAL,,3,,,25/11/2016 07:30,KARTON,STALA,13.072,-16.749,8,20,,,,J1,,VM00,,,,80,OF,18.4,25/11/2016 07:30,OF,,,O,,,4,,,,,,,,,,,,,1,,M,,,,,,,,,,,,,,,net 6,,,B,,,,,,,,,,,,,,,,,,,,,,,,,,,,,,,,,,,,,,,
R,GBT,TR12103,,NIGAL,,3,,,26/11/2016 07:00,KARTON,BARRA1,13.080,-16.769,8,20,,,,J1,,VM00,,,,84,PJB,19.6,26/11/2016 07:00,PJB,,,O,,,4,,,,,,,,,,,,,1,,M,,,,,,,,,,,,,,,net 8, resubmission with correct allocation,,B,,,,,,,,,,,,,,,,,,,,,,,,,,,,,,,,,,,,,,,
N,GBT,TR12109,,NIGAL,,6,,,22/02/2017 11:00,KARTON,TESITO,13.095,-16.769,,,,,,J1,,VM00,,,,84,WMJ,20.7,22/02/2017 11:00,WMJ,,,N,,,,,,,,,,,,71,,,,0,,M,,,,,,,,,,,,,,,net 5,B rings used for NIGAL at KBO,,B,,,,,,,,,,,,,,,,,,,,,,,,,,,,,,,,,,,,,,,
N,GBT,TR12116,,NIGAL,,5,,,26/02/2017 08:00,KARTON,CAMP,13.091,-16.770,,,,,,G5,B7,VM00,,,,82,AR,21.1,26/02/2017 08:00,AR,,,O,,,8,,,,,,,,,60,,,,1,,M,,,,,,,,,,,,,,,net 1,B rings used for NIGAL at KBO,,B,,,,,,,,,,,,,,,,,,,,,,,,,,,,,,,,,,,,,,,
R,GBT,NA82757,,NIGAL,,6,,,01/03/2017 07:00,KARTON,BARRA2,13.081,-16.771,8,20,,,,G5,B7,VM00,,,,86,HJE,29.6,01/03/2017 07:00,HJE,,,O,,,,,,,,,,,,,,,,5,,M,,,,,,,,,,,,,,,net 5,,,B,,,,,,,,,,,,,,,,,,,,,,,,,,,,,,,,,,,,,,,
N,GBT,TR12130,,NIGAL,,4,,,05/03/2017 07:30,KARTON,STALA,13.072,-16.749,,,,,,J1,,VM00,,,,84,PJB,30.5,05/03/2017 07:30,PJB,,,O,,,,,,,36.5,,,,,70,,,,6,,M,,,,,,,,,,,,,,,net 1,B rings used for NIGAL at KBO,,B,,,,,,,,,,,,,,,,,,,,,,,,,,,,,,,,,,,,,,,
N,GBT,S647420,,NIGAL,,6,,,06/03/2017 09:00,KARTON,BARRA1,13.080,-16.769,,,,,,J1,,VM00,,,,86,JRB,26.6,06/03/2017 09:00,JRB,,,O,,,,,,,,,,,,73,,,,6,,M,,,,,,,,,,,,,,,net 9,,,B,,,,,,,,,,,,,,,,,,,,,,,,,,,,,,,,,,,,,,,
C,GBT,NA82699,I,NIGAL,,4,M,C,04/05/2017 10:50,TM1436,,51.982,1.115,8,20,,,,B1,G4,GBSUF,TM1436,,,86,GC,22.2,04/05/2017 10:50,GC,,,,,,,,,,,,,,,,,,,,,,,,,,,,,,,,,,,LBM;RBY,new tracker attached,,R,,,,,,,,,,,,,,,,,,,,,,,,,,,,,,,,,,,,,,,,
N,GBT,AJB5043,,NIGAL,,3,,,18/11/2017 11:40,KARTON,BARRA1,13.080,-16.769,,,,,,J1,,VM00,,,,82,DW,19.9,18/11/2017 11:40,DW,,,O,,,3,,,,,,,,,68,,,,0,,M,,,,,,,,,,,,,,,net 1,,,B,,,,,,,,,,,,,,,,,,,,,,,,,,,,,,,,,,,,,,,
N,GBT,NA82761,,NIGAL,,3,,,19/11/2017 07:30,KARTON,BARRA1,13.080,-16.769,,,,,,J1,,VM00,,,,84,PMN,18.6,19/11/2017 07:30,PMN,,,O,,,5,,,,,,,,,,,,,0,,M,,,,,,,,,,,,,,,net 10,,,B,,,,,,,,,,,,,,,,,,,,,,,,,,,,,,,,,,,,,,,
C,GBT,TZ28089,,NIGAL,,4,,,21/11/2017 07:00,KARTON,STALA,13.072,-16.749,8,20,,,,J1,,VM00,,,,81,OF,17.5,21/11/2017 07:00,OF,,,O,,,,,,,,,,,,64,,,,0,,M,,,,,,,,,,,,,,,net 16,,,B,,,,,,,,,,,,,,,,,,,,,,,,,,,,,,,,,,,,,,,
R,GBT,BJ28150,,NIGAL,,4,,,21/11/2017 18:30,KARTON,STALA,13.072,-16.749,8,20,,,,J1,,VM00,,,,83,PCL,21.1,21/11/2017 18:30,PCL,,,O,,,,,,,,,,,,,,,,0,,M,,,,,,,,,,,,,,,net 1,,,B,,,,,,,,,,,,,,,,,,,,,,,,,,,,,,,,,,,,,,,
R,GBT,NA82699,,NIGAL,,4,,,22/11/2017 07:30,KARTON,STALA,13.072,-16.749,8,20,,,,J1,,VM00,,,,86,RW,20.4,22/11/2017 07:30,RW,,,O,,,,,,,,,,,,,,,,0,,M,,,,,,,,,,,,,,LBM;RBY,net 1,,,B,,,,,,,,,,,,,,,,,,,,,,,,,,,,,,,,,,,,,,,
R,GBT,TR12130,,NIGAL,,4,,,22/11/2017 07:30,KARTON,STALA,13.072,-16.749,8,20,,,,J1,,VM00,,,,84,PMN,22.5,22/11/2017 07:30,PMN,,,O,,,,,,,,,,,,,,,,1,,M,,,,,,,,,,,,,,,net 1,,,B,,,,,,,,,,,,,,,,,,,,,,,,,,,,,,,,,,,,,,,
R,GBT,NA82761,,NIGAL,,3,,,25/11/2017 07:00,KARTON,BARRA1,13.080,-16.769,8,20,,,,J1,,VM00,,,,82,JVL,18.7,25/11/2017 07:00,JVL,,,O,,,,,,,,,,,,,,,,0,,M,,,,,,,,,,,,,,,net 8,,,B,,,,,,,,,,,,,,,,,,,,,,,,,,,,,,,,,,,,,,,
R,GBT,AJB5043,,NIGAL,,3,,,25/11/2017 07:30,KARTON,BARRA1,13.080,-16.769,8,20,,,,J1,,VM00,,,,83,RW,18.9,25/11/2017 07:30,RW,,,O,,,1,,,,,,,,,,,,,0,,M,,,,,,,,,,,,,,,net 10,,,B,,,,,,,,,,,,,,,,,,,,,,,,,,,,,,,,,,,,,,,
N,GBT,TR12145,,NIGAL,,3,,,25/11/2017 08:00,KARTON,BARRA1,13.080,-16.769,,,,,,J1,,VM00,,,,79,PMN,19.1,25/11/2017 08:00,PMN,,,O,,,5,,,,,,,,,,,,,0,,M,,,,,,,,,,,,,,,net 1,,,B,,,,,,,,,,,,,,,,,,,,,,,,,,,,,,,,,,,,,,,
R,GBT,AJB5043,,NIGAL,,3,,,27/11/2017 07:30,KARTON,BARRA1,13.080,-16.769,8,20,,,,J1,,VM00,,,,82,PMN,18,27/11/2017 07:30,PMN,,,O,,,3,,,,,,,,,,,,,0,,M,,,,,,,,,,,,,,,net 2,,,B,,,,,,,,,,,,,,,,,,,,,,,,,,,,,,,,,,,,,,,
R,GBT,NA82761,,NIGAL,,3,,,27/11/2017 08:30,KARTON,BARRA1,13.080,-16.769,8,20,,,,J1,,VM00,,,,82,JVL,19.6,27/11/2017 08:30,JVL,,,O,,,,,,,,,,,,,,,,0,,M,,,,,,,,,,,,,,,net 1,,,B,,,,,,,,,,,,,,,,,,,,,,,,,,,,,,,,,,,,,,,
N,GBT,TR12149,,NIGAL,,5,,,17/01/2018 08:00,KARTON,BARRA3,13.083,-16.770,,,,,,J1,,VM00,,,,80,JAG,17.7,17/01/2018 08:00,JAG,,,O,,,6,,,,,,,,,,,,,0,,M,,,,,,,,,,,,,,,net 3,,,B,,,,,,,,,,,,,,,,,,,,,,,,,,,,,,,,,,,,,,,
N,GBT,TR12154,,NIGAL,,5,,,18/01/2018 08:20,KARTON,BARRA1,13.080,-16.769,,,,,,J1,,VM00,,,,86,JLS,20.8,18/01/2018 08:20,JLS,,,O,,,5,,,,,,,,,70,,,,0,,M,,,,,,,,,,,,,,,net 1,,,B,,,,,,,,,,,,,,,,,,,,,,,,,,,,,,,,,,,,,,,
R,GBT,AJB5043,,NIGAL,,5,,,18/01/2018 10:30,KARTON,BARRA1,13.080,-16.769,8,20,,,,J1,,VM00,,,,82,OF,21,18/01/2018 10:30,OF,,,O,,,,,,,,,,,,,,,,0,,M,,,,,,,,,,,,,,,net 9,,,B,,,,,,,,,,,,,,,,,,,,,,,,,,,,,,,,,,,,,,,
N,GBT,TR12161,,NIGAL,,4,,,22/01/2018 07:30,KARTON,BARRA2,13.081,-16.771,,,,,,J1,,VM00,,,,84,JLS,21.1,22/01/2018 07:30,JLS,,,O,,,,,,,,,,,,70,,,,4,,M,,,,,,,,,,,,,,,net 6,,,B,,,,,,,,,,,,,,,,,,,,,,,,,,,,,,,,,,,,,,,
N,GBT,TR12169,,NIGAL,,4,,,26/01/2018 08:00,KARTON,STALA,13.072,-16.749,,,,,,J1,,VM00,,,,82,DAW,21,26/01/2018 08:00,DAW,,,O,,,,,,,,,,,,64,,,,4,,M,,,,,,,,,,,,,,,net 14,,,B,,,,,,,,,,,,,,,,,,,,,,,,,,,,,,,,,,,,,,,
R,GBT,TR12107,,NIGAL,,6,,,26/01/2018 08:30,KARTON,STALA,13.072,-16.749,8,20,,,,J1,,VM00,,,,84,JLS,20.2,26/01/2018 08:30,JLS,,,O,,,,,,,,,,,,,,,,4,,M,,,,,,,,,,,,,,,net 9,,,B,,,,,,,,,,,,,,,,,,,,,,,,,,,,,,,,,,,,,,,
R,GBT,BJ28150,,NIGAL,,4,,,27/01/2018 07:50,KARTON,STALA,13.072,-16.749,8,20,,,,J1,,VM00,,,,82,JAG,20.6,27/01/2018 07:50,JAG,,,N,,,,,,,,,,,,,,,,2,,M,,,,,,,,,,,,,,,net 1,,,B,,,,,,,,,,,,,,,,,,,,,,,,,,,,,,,,,,,,,,,
R,GBT,NA82692,,NIGAL,,6,,,06/03/2018 08:00,KARTON,BARRA1,13.080,-16.769,8,20,,,,J1,,VM00,,,,88,DAB,22.3,06/03/2018 08:00,DAB,,,O,,,,,,,,,,,,,,,,5,,M,,,,,,,,,,,,,,,net 11,,,B,,,,,,,,,,,,,,,,,,,,,,,,,,,,,,,,,,,,,,,
N,GBT,TR12190,,NIGAL,,5,,,09/03/2018 09:00,KARTON,BARRA2,13.081,-16.771,,,,,,J1,,VM00,,,,79,PHH,26.1,09/03/2018 09:00,PHH,,,O,,,5,,,,,,,,,,,,,6,,M,,,,,,,,,,,,,,,net 4,,,B,,,,,,,,,,,,,,,,,,,,,,,,,,,,,,,,,,,,,,,
R,GBT,TR12169,,NIGAL,,6,,,11/03/2018 08:00,KARTON,STALA,13.072,-16.749,8,20,,,,J1,,VM00,,,,81,PHH,23.8,11/03/2018 08:00,PHH,,,N,,,,,,,,,,,,,,,,4,,M,,,,,,,,,,,,,,,,,,B,,,,,,,,,,,,,,,,,,,,,,,,,,,,,,,,,,,,,,,
N,GBT,VZ73656,,NIGAL,,1,,,29/05/2018 10:00,TM2950,,52.084,1.334,,,,,,,,GBSUF,TM2950,,,,,,,,,,,,,,,,,,,,,,,,,,,,,,,,,,,,,,,,,,,,,F,,,,,,,,,,,,,,,,,,,,,,,,,,,,,,,,,,,,,,,,
N,GBT,JP96017,,NIGAL,,3,,,14/11/2018 07:30,KARTON,BARRA1,13.080,-16.769,,,,,,J1,,VM00,,,,83,CRP,17.9,14/11/2018 07:30,CRP,,,O,,,,,,,,,,,,,,,,0,,M,,,,,,,,,,,,,,,net 9,,,B,,,,,,,,,,,,,,,,,,,,,,,,,,,,,,,,,,,,,,,
R,GBT,TR12145,,NIGAL,,4,,,14/11/2018 08:30,KARTON,BARRA1,13.080,-16.769,8,20,,,,J1,,VM00,,,,83,JAG,18.7,14/11/2018 08:30,JAG,,,O,,,,,,,,,,,,,,,,1,,M,,,,,,,,,,,,,,,net 1,,,B,,,,,,,,,,,,,,,,,,,,,,,,,,,,,,,,,,,,,,,
R,GBT,NA82692,,NIGAL,,4,,,15/11/2018 08:00,KARTON,BARRA1,13.080,-16.769,8,20,,,,J1,,VM00,,,,88,PMN,20.6,15/11/2018 08:00,PMN,,,O,,,,,,,,,,,,,,,,1,,M,,,,,,,,,,,,,,,net 12,,,B,,,,,,,,,,,,,,,,,,,,,,,,,,,,,,,,,,,,,,,
R,GBT,TR12107,,NIGAL,,4,,,15/11/2018 16:00,KARTON,STALA,13.072,-16.749,8,20,,,,J1,,VM00,,,,84,CRP,20.4,15/11/2018 16:00,CRP,,,O,,,,,,,,,,,,,,,,3,,M,,,,,,,,,,,,,,,net 7,,,B,,,,,,,,,,,,,,,,,,,,,,,,,,,,,,,,,,,,,,,
N,GBT,TR12197,,NIGAL,,4,,,17/11/2018 07:00,KARTON,STALA,13.072,-16.749,,,,,,J1,,VM00,,,,85,GHG,21,17/11/2018 07:00,GHG,,,N,,,,,,,,,,,,70,,,,2,,M,,,,,,,,,,,,,,,net 2,,,B,,,,,,,,,,,,,,,,,,,,,,,,,,,,,,,,,,,,,,,
C,GBT,TZ28089,,NIGAL,,4,,,17/11/2018 08:30,KARTON,STALA,13.072,-16.749,8,20,,,,J1,,VM00,,,,81,GHG,18.7,17/11/2018 08:30,GHG,,,N,,,,,,,,,,,,,,,,2,,M,,,,,,,,,,,,,,,net 1,,,B,,,,,,,,,,,,,,,,,,,,,,,,,,,,,,,,,,,,,,,
N,GBT,T463372,,NIGAL,,3,,,18/11/2018 07:30,KARTON,BARRA2,13.081,-16.771,,,,,,J1,,VM00,,,,85,JAG,18.1,18/11/2018 07:30,JAG,,,O,,,6,,,,,,,,,,,,,0,,M,,,,,,,,,,,,,,,net 6,,,B,,,,,,,,,,,,,,,,,,,,,,,,,,,,,,,,,,,,,,,
R,GBT,TR12149,,NIGAL,,4,,,18/11/2018 07:30,KARTON,BARRA2,13.081,-16.771,8,20,,,,J1,,VM00,,,,80,PMN,18.1,18/11/2018 07:30,PMN,,,O,,,,,,,,,,,,,,,,1,,M,,,,,,,,,,,,,,,net 3,,,B,,,,,,,,,,,,,,,,,,,,,,,,,,,,,,,,,,,,,,,
N,GBT,TR12199,,NIGAL,,3,,,20/11/2018 07:00,KARTON,CAMP,13.091,-16.770,,,,,,J1,,VM00,,,,86,CRP,19.2,20/11/2018 07:00,CRP,,,O,,,6,,,,,,,,,69,,,,0,,M,,,,,,,,,,,,,,,net 1,,,B,,,,,,,,,,,,,,,,,,,,,,,,,,,,,,,,,,,,,,,
R,GBT,T463372,,NIGAL,,3,,,22/11/2018 07:00,KARTON,BARRA1,13.080,-16.769,8,20,,,,J1,,VM00,,,,84,JAG,18.7,22/11/2018 07:00,JAG,,,O,,,6,,,,,,,,,,,,,0,,M,,,,,,,,,,,,,,,net 9,,,B,,,,,,,,,,,,,,,,,,,,,,,,,,,,,,,,,,,,,,,
N,GBT,S772870,,NIGAL,,3,,,22/11/2018 08:30,KARTON,BARRA3,13.083,-16.770,,,,,,J1,,VM00,,,,84,JAG,19.9,22/11/2018 08:30,JAG,,,O,,,4,,,,,,,,,,,,,1,,M,,,,,,,,,,,,,,,net 3,,,B,,,,,,,,,,,,,,,,,,,,,,,,,,,,,,,,,,,,,,,
N,GBT,S772872,,NIGAL,,3,,,22/11/2018 08:30,KARTON,BARRA1,13.080,-16.769,,,,,,J1,,VM00,,,,80,HJE,18.8,22/11/2018 08:30,HJE,,,O,,,4,,,,,,,,,64,,,,2,,M,,,,,,,,,,,,,,,net 9,,,B,,,,,,,,,,,,,,,,,,,,,,,,,,,,,,,,,,,,,,,
N,GBT,NA82767,,NIGAL,,3,,,26/11/2018 07:00,KARTON,STALA,13.072,-16.749,,,,,,J1,,VM00,,,,81,MFJ,19.8,26/11/2018 07:00,MFJ,,,O,,,6,,,,,,,,,74,,,,3,,M,,,,,,,,,,,,,,,net 9,,,B,,,,,,,,,,,,,,,,,,,,,,,,,,,,,,,,,,,,,,,
C,GBT,VZ73656,,NIGAL,,5,,,05/01/2019 07:10,KARTON,BARRA1,13.080,-16.769,8,20,,,,J1,,VM00,,,,84,OF,20,05/01/2019 07:10,OF,,,O,,,6,,,,,,,,,,,,,0,,M,,,,,,,,,,,,,,,net 1,,,B,,,,,,,,,,,,,,,,,,,,,,,,,,,,,,,,,,,,,,,
N,GBT,TH87182,,NIGAL,,5,,,05/01/2019 08:30,KARTON,BARRA3,13.083,-16.770,,,,,,J1,,VM00,,,,84,GC,22.1,05/01/2019 08:30,GC,,,O,,,4,,,,,,,,,66,,,,2,,M,,,,,,,,,,,,,,,net 5,,,B,,,,,,,,,,,,,,,,,,,,,,,,,,,,,,,,,,,,,,,
R,GBT,S647420,,NIGAL,,6,,,07/01/2019 08:50,KARTON,BARRA1,13.080,-16.769,8,20,M,,,G5,B7,VM00,,,,87,GC,19.9,07/01/2019 08:50,GC,,,O,,,,,,,,,,,,70,,,,2,,M,,,,,,,,,,,,,burnt site,,net 13; tarsus=26.2mm,,,B,,,,,,,,,,,,,,,,,,,,,,,,,,,,,,,,,,,,,,,
N,GBT,TH87187,,NIGAL,,5,,,09/01/2019 07:20,KARTON,BARRA2,13.081,-16.771,,,,,,J1,,VM00,,,,86,GC,21.5,09/01/2019 07:20,GC,,,O,,,5,,,,,,,,,68,,,,2,,M,,,,,,,,,,,,,,,net 5,,,B,,,,,,,,,,,,,,,,,,,,,,,,,,,,,,,,,,,,,,,
N,GBT,TH87192,,NIGAL,,5,,,10/01/2019 07:30,KARTON,CAMP,13.091,-16.770,,,,,,J1,,VM00,,,,82,MLS,20.3,10/01/2019 07:30,MLS,,,O,,,6,,,,,,,,,72,,,,2,,M,,,,,,,,,,,,,,,net 1,,,B,,,,,,,,,,,,,,,,,,,,,,,,,,,,,,,,,,,,,,,
R,GBT,TR12190,,NIGAL,,6,,,10/01/2019 07:30,KARTON,BARRA2,13.081,-16.771,8,20,M,,,J1,,VM00,,,,83,GC,19.1,10/01/2019 07:30,GC,,,O,,,,,,,,,,,,65,,,,2,,M,,,,,,,,,,,,,,,net 2,,,B,,,,,,,,,,,,,,,,,,,,,,,,,,,,,,,,,,,,,,,
R,GBT,JP96017,,NIGAL,,5,,,10/01/2019 08:10,KARTON,BARRA1,13.080,-16.769,8,20,M,,,J1,,VM00,,,,83,GC,19.8,10/01/2019 08:10,GC,,,O,,,5,,,,,,,,,66,,,,,,M,,,,,,,,,,,,,,,net 9,,,,,,,,,,,,,,,,,,,,,,,,,,,,,,,,,,,,,,,,,,
N,GBT,E721113,,NIGAL,,5,,,10/01/2019 08:30,KARTON,BARRA1,13.080,-16.769,,,,,,J1,,VM00,,,,82,SJB,21.1,10/01/2019 08:30,SJB,,,O,,,3,,,,,,,,,,,,,1,,M,,,,,,,,,,,,,,,net 9,,,B,,,,,,,,,,,,,,,,,,,,,,,,,,,,,,,,,,,,,,,
R,GBT,TH87187,,NIGAL,,5,,,11/01/2019 08:00,KARTON,BARRA2,13.081,-16.771,8,20,,,,J1,,VM00,,,,86,GC,20.8,11/01/2019 08:00,GC,,,O,,,5,,,,,,,,,,,,,1,,M,,,,,,,,,,,,,,,net 5,,,B,,,,,,,,,,,,,,,,,,,,,,,,,,,,,,,,,,,,,,,
R,GBT,TR12107,,NIGAL,,6,,,13/01/2019 08:20,KARTON,STALA,13.072,-16.749,8,20,M,,,J1,,VM00,,,,84,GC,20.9,13/01/2019 08:20,GC,,,O,,,,,,,,,,,,69,,,,4,,M,,,,,,,,,,,,,,,net 17,,,B,,,,,,,,,,,,,,,,,,,,,,,,,,,,,,,,,,,,,,,
N,GBT,NA82772,,NIGAL,,6,,,17/01/2019 07:20,KARTON,BARRA5,13.086,-16.770,,,M,,,G5,B7,VM00,,,,88,GC,21.2,17/01/2019 07:20,GC,,,O,,,,,,,,,,,,70,,,,2,,M,,,,,,,,,,,,,,,net 1,,,B,,,,,,,,,,,,,,,,,,,,,,,,,,,,,,,,,,,,,,,
C,GBT,VZ73656,,NIGAL,,4,M,,07/11/2019 07:30,KARTON,BARRA1,13.080,-16.769,8,20,M,,,J1,,VM00,,,,86,GC,21,07/11/2019 07:30,GC,,,N,,,,,,,,,,M,27,73,,,,3,,M,,,,,,,,,,,,,,,net 1,,,B,,,,,,,,,,,,,,,,,,,,,,,,,,,,,,,,,,,,,,,
R,GBT,T463372,,NIGAL,,4,,,08/11/2019 07:10,KARTON,BARRA1,13.080,-16.769,8,20,M,,,J1,,VM00,,,,87,GC,18.9,08/11/2019 07:10,GC,,,N,,,,,,,,,,M,29.7,68,,,,,,M,,,,,,,,,,,,,,,net 9,,,,,,,,,,,,,,,,,,,,,,,,,,,,,,,,,,,,,,,,,,
N,GBT,BN85108,,NIGAL,,4,,,08/11/2019 09:10,SAPU,SAPQUA,13.545,-14.910,,,,,,I5,B1,VM00,,,,86,MM,21.7,08/11/2019 09:10,MM,,,O,,,,,,,,,,,,,,,,2,,M,,,,,,,,,,,,,,,,,,B,,,,,,,,,,,,,,,,,,,,,,,,,,,,,,,,,,,,,,,
N,GBT,NA82778,,NIGAL,,3,,,12/11/2019 07:30,KARTON,BARRA2,13.081,-16.771,,,M,,,J1,,VM00,,,,85,OF,19.1,12/11/2019 07:30,OF,,,O,,,4,,,,,,,,,68,,,,1,,M,,,,,,,,,,,,,,,net 2,,,B,,,,,,,,,,,,,,,,,,,,,,,,,,,,,,,,,,,,,,,
R,GBT,TR12190,,NIGAL,,4,,,12/11/2019 07:30,KARTON,BARRA2,13.081,-16.771,8,20,M,,,J1,,VM00,,,,83,GC,19.3,12/11/2019 07:30,GC,,,O,,,,,,,,,,,,66,,,,2,,M,,,,,,,,,,,,,,,net 1,,,B,,,,,,,,,,,,,,,,,,,,,,,,,,,,,,,,,,,,,,,
N,GBT,NA82783,,NIGAL,,3,,,16/11/2019 18:30,KARTON,BARRA1,13.080,-16.769,,,,,,J1,,VM00,,,,83,WJ,19.6,16/11/2019 18:30,WJ,,,O,,,,,,,,,,,,,,,,2,,M,,,,,,,,,,,,,,,net 17,,,B,,,,,,,,,,,,,,,,,,,,,,,,,,,,,,,,,,,,,,,
R,GBT,NA82692,,NIGAL,,4,,,16/11/2019 19:00,KARTON,BARRA1,13.080,-16.769,8,20,,,,J1,,VM00,,,,90,MM,22,16/11/2019 19:00,MM,,,O,,,,,,,,,,,,,,,,2,,M,,,,,,,,,,,,,,,net 17,,,B,,,,,,,,,,,,,,,,,,,,,,,,,,,,,,,,,,,,,,,
R,GBT,E721113,,NIGAL,,4,,,17/11/2019 07:30,KARTON,BARRA1,13.080,-16.769,8,20,,,,J1,,VM00,,,,86,RAK,21.5,17/11/2019 07:30,RAK,,,N,,,,,,,,,,,,,,,,0,,M,,,,,,,,,,,,,,,net 9,,,B,,,,,,,,,,,,,,,,,,,,,,,,,,,,,,,,,,,,,,,
N,GBT,NA82785,,NIGAL,,3,,,17/11/2019 18:30,KARTON,BARRA1,13.080,-16.769,,,,,,J1,,VM00,,,,82,OF,19.5,17/11/2019 18:30,OF,,,O,,,,,,,,,,,,63,,,,1,,M,,,,,,,,,,,,,,,net 17,,,B,,,,,,,,,,,,,,,,,,,,,,,,,,,,,,,,,,,,,,,
R,GBT,NA82692,,NIGAL,,4,,,18/11/2019 07:00,KARTON,BARRA1,13.080,-16.769,8,20,,,,J1,,VM00,,,,89,PAL,21.5,18/11/2019 07:00,PAL,,,O,,,,,,,,,,,,66,,,,2,,M,,,,,,,,,,,,,,,net 12,,,B,,,,,,,,,,,,,,,,,,,,,,,,,,,,,,,,,,,,,,,
N,GBT,NA82787,,NIGAL,,3,,,18/11/2019 07:30,KARTON,BARRA0,13.079,-16.765,,,,,,J1,,VM00,,,,83,CMG,19,18/11/2019 07:30,CMG,,,O,,,4,,,,,,,,,61,,,,3,,M,,,,,,,,,,,,,,,net 1,,,B,,,,,,,,,,,,,,,,,,,,,,,,,,,,,,,,,,,,,,,
R,GBT,S647420,,NIGAL,,4,,,18/11/2019 08:30,KARTON,BARRA1,13.080,-16.769,8,20,,,,J1,,VM00,,,,85,HJE,19,18/11/2019 08:30,HJE,,,N,,,,,,,,,,,,62,,,,2,,M,,,,,,,,,,,,,,,net 18,,,B,,,,,,,,,,,,,,,,,,,,,,,,,,,,,,,,,,,,,,,
R,GBT,TR12107,,NIGAL,,4,,,19/11/2019 07:00,KARTON,STALA,13.072,-16.749,8,20,,,,J1,,VM00,,,,84,MM,19.1,19/11/2019 07:00,MM,,,O,,,,,,,,,,,,70,,,,2,,M,,,,,,,,,,,,,,,net 16,,,B,,,,,,,,,,,,,,,,,,,,,,,,,,,,,,,,,,,,,,,
N,GBT,NA82790,,NIGAL,,3,,,20/11/2019 07:30,KARTON,STALA,13.072,-16.749,,,,,,J1,,VM00,,,,82,SOK,18.9,20/11/2019 07:30,SOK,,,O,,,5,,,,,,,,,,,,,1,,M,,,,,,,,,,,,,,,net 6,,,B,,,,,,,,,,,,,,,,,,,,,,,,,,,,,,,,,,,,,,,
R,GBT,NA82790,,NIGAL,,3,,,20/11/2019 08:30,KARTON,STALA,13.072,-16.749,8,20,,,,J1,,VM00,,,,83,RD,18.8,20/11/2019 08:30,RD,,,O,,,5,,,,37.3,,,,,67,,,,1,,M,,,,,,,,,,,,,,,net 4,,,B,,,,,,,,,,,,,,,,,,,,,,,,,,,,,,,,,,,,,,,
N,GBT,NA82794,,NIGAL,,3,,,23/11/2019 10:30,KARTON,CAMP,13.091,-16.770,,,,,,J1,,VM00,,,,82,HJE,20.1,23/11/2019 10:30,HJE,,,O,,,,,,,,,,,,,,,,3,,M,,,,,,,,,,,,,,,net 1,,,B,,,,,,,,,,,,,,,,,,,,,,,,,,,,,,,,,,,,,,,
N,GBT,NA82795,,NIGAL,,4,,,25/11/2019 07:00,KARTON,TESITO,13.095,-16.769,,,,,,J1,,VM00,,,,82,RD,16.7,25/11/2019 07:00,RD,,,N,,,,,,,,,,,,66,,,,1,,M,,,,,,,,,,,,,,,net 1,,,B,,,,,,,,,,,,,,,,,,,,,,,,,,,,,,,,,,,,,,,
N,GBT,NA82796,,NIGAL,,5,,,16/01/2020 19:00,KARTON,KURUM,13.100,-16.734,,,,,,G5,B7,VM00,,,,82,JSJ,18,16/01/2020 19:00,JSJ,,,O,,,,,,,,,,,,,,,,2,,M,,,,,,,,,,,,,,,net 4,,,B,,,,,,,,,,,,,,,,,,,,,,,,,,,,,,,,,,,,,,,
N,GBT,NA82798,,NIGAL,,5,,,17/01/2020 08:40,KARTON,KURUM,13.100,-16.734,,,,,,J1,,VM00,,,,85,KDC,21.9,17/01/2020 08:40,KDC,,,O,,,7,,,,,,,,,66,,,,1,,M,,,,,,,,,,,,,,,net 2,,,B,,,,,,,,,,,,,,,,,,,,,,,,,,,,,,,,,,,,,,,
N,GBT,E719977,,NIGAL,,5,,,20/01/2020 08:10,KARTON,BARRA1,13.080,-16.769,,,,,,J1,,VM00,,,,84,HJH,19.7,20/01/2020 08:10,HJH,,,O,,,5,,,,,,,,,,,,,3,,M,,,,,,,,,,,,,,,net 12,,,B,,,,,,,,,,,,,,,,,,,,,,,,,,,,,,,,,,,,,,,
N,GBT,TL89889,,NIGAL,,5,,,21/01/2020 09:10,KARTON,BARRA0,13.079,-16.765,,,,,,J1,,VM00,,,,82,PHH,20.6,21/01/2020 09:10,PHH,,,O,,,6,,,,,,,,,69,,,,3,,M,,,,,,,,,,,,,,,net 6,,,B,,,,,,,,,,,,,,,,,,,,,,,,,,,,,,,,,,,,,,,
R,GBT,JP96017,,NIGAL,,6,,,21/01/2020 10:15,KARTON,BARRA1,13.080,-16.769,8,20,M,,,J1,,VM00,,,,83,HJH,19.6,21/01/2020 10:15,HJH,,,O,,,,,,,,,,S,26.5,68,,,,2,,M,,,,,,,,,,,,,,,net 11; BR060 removed; BV417 fitted,,,B,,,,,,,,,,,,,,,,,,,,,,,,,,,,,,,,,,,,,,,
R,GBT,S647420,,NIGAL,,6,,,21/01/2020 11:40,KARTON,BARRA1,13.080,-16.769,8,20,M,,,J1,,VM00,,,,87,PMN,21.2,21/01/2020 11:40,PMN,,,O,,,,,,,,,,,,,,,,3,,M,,,,,,,,,,,,,,,net 15; BV422 fitted,,,B,,,,,,,,,,,,,,,,,,,,,,,,,,,,,,,,,,,,,,,
N,GBT,JP96756,,NIGAL,,5,,,23/01/2020 08:00,KARTON,STALA,13.072,-16.749,,,,,,J1,,VM00,,,,83,HJH,25.3,23/01/2020 08:00,HJH,,,O,,,5,,,,,,,,,,,,,6,,M,,,,,,,,,,,,,,,net 4,,,B,,,,,,,,,,,,,,,,,,,,,,,,,,,,,,,,,,,,,,,
R,GBT,JP96756,,NIGAL,,5,,,24/01/2020 08:00,KARTON,STALA,13.072,-16.749,8,20,,,,J1,,VM00,,,,85,OF,25.1,24/01/2020 08:00,OF,,,O,,,6,,,,,,,,,,,,,5,,M,,,,,,,,,,,,,,,,,,B,,,,,,,,,,,,,,,,,,,,,,,,,,,,,,,,,,,,,,,
R,GBT,TH87192,,NIGAL,,6,,,26/01/2020 08:30,KARTON,CAMP,13.091,-16.770,8,20,,,,G5,,VM00,,,,85,JJ,22.2,26/01/2020 08:30,JJ,,,N,,,,,,,,,,,,,,,,2,,M,,,,,,,,,,,,,,,net 1,,,B,,,,,,,,,,,,,,,,,,,,,,,,,,,,,,,,,,,,,,,
N,GBT,TL89897,,NIGAL,,5,,,26/01/2020 08:30,KARTON,CAMP,13.091,-16.770,,,,,,J1,,VM00,,,,81,PMN,17.6,26/01/2020 08:30,PMN,,,O,,,,,,,,,,,,68,,,,2,,M,,,,,,,,,,,,,,,net 7,,,B,,,,,,,,,,,,,,,,,,,,,,,,,,,,,,,,,,,,,,,
R,GBT,TH87182,,NIGAL,,4,,,04/12/2020 07:00,KARTON,BARRA1,13.080,-16.769,8,20,,,,J1,,VM00,,,,84,MJ,19.8,04/12/2020 07:00,MJ,,,N,,,,,,,,,,,,70,,,,,,M,,,,,,,,,,,,,,,net 15,,,,,,,,,,,,,,,,,,,,,,,,,,,,,,,,,,,,,,,,,,
N,GBT,TL89898,,NIGAL,,3,,,04/12/2020 07:00,KARTON,BARRA1,13.080,-16.769,,,,,,J1,,VM00,,,,81,MCO,22.4,04/12/2020 07:00,MCO,,,O,,,,,,,,,,,,67,,,,,,M,,,,,,,,,,,,,,,net 18,,,,,,,,,,,,,,,,,,,,,,,,,,,,,,,,,,,,,,,,,,
N,GBT,TL89899,,NIGAL,,3,,,04/12/2020 10:00,KARTON,BARRA1,13.080,-16.769,,,,,,J1,,VM00,,,,85,DJ,21.2,04/12/2020 10:00,DJ,,,N,,,,,,,,,,,,66,,,,,,M,,,,,,,,,,,,,,,net 15,,,,,,,,,,,,,,,,,,,,,,,,,,,,,,,,,,,,,,,,,,
N,GBT,TL89900,,NIGAL,,3,,,11/12/2020 07:20,KARTON,BARRA1,13.080,-16.769,,,,,,J1,,VM00,,,,81,DJ,19.6,11/12/2020 07:20,DJ,,,O,,,9,,,,,,,,,66,,,,,,M,,,,,,,,,,,,,,,net 8,,,,,,,,,,,,,,,,,,,,,,,,,,,,,,,,,,,,,,,,,,
R,GBT,TL89899,,NIGAL,,5,,,02/01/2021 08:30,KARTON,BARRA1,13.080,-16.769,8,20,,,,J1,,VM00,,,,86,NS,22.2,02/01/2021 08:30,NS,,,O,,,,,,,37.2,,,,,70,,,,,,M,,,,,,,,,,,,,,,net 2,,,,,,,,,,,,,,,,,,,,,,,,,,,,,,,,,,,,,,,,,,
N,GBT,C439327,,NIGAL,,5,,,26/02/2021 08:00,KARTON,BARRA1,13.080,-16.769,,,,,,J1,,VM00,,,,80,NS,26.9,26/02/2021 08:00,NS,,,O,,,4,,,,35.7,,,,,64,,,,,,M,,,,,,,,,,,,,,,net 20,,,,,,,,,,,,,,,,,,,,,,,,,,,,,,,,,,,,,,,,,,
N,GBT,BN85115,,NIGAL,,3,,,05/11/2021 07:30,KARTON,STALA,13.072,-16.749,,,,,,J1,,VM00,,,,85,GCO,19.2,05/11/2021 07:30,GCO,,,O,,,6,,,,,,,,,67,,,,,,M,,,,,,,,,,,,,,,,,,,,,,,,,,,,,,,,,,,,,,,,,,,,,,,,,,,,,,,,,
N,GBT,BN85116,,NIGAL,,3,,,13/11/2021 07:00,KARTON,BARRA5,13.086,-16.770,,,,,,J1,,VM00,,,,80,JJ,18.4,13/11/2021 07:00,JJ,,,O,,,,,,,,,,,,69,,,,0,,M,,,,,,,,,,,,,,,net 1,,,B,,,,,,,,,,,,,,,,,,,,,,,,,,,,,,,,,,,,,,,
N,GBT,BN85118,,NIGAL,,4,M,,19/11/2021 07:40,KARTON,BARRA3,13.083,-16.770,,,,,,J1,,VM00,,,,85,MCO,20.7,19/11/2021 07:40,MCO,,,O,,,,,,,,,,,,69,,,,3,,M,,,,,,,,,,,,,,,,,,B,,,,,,,,,,,,,,,,,,,,,,,,,,,,,,,,,,,,,,,
N,GBT,BN85120,,NIGAL,,3,,,26/11/2021 09:20,KARTON,BARRA3,13.083,-16.770,,,,,,J1,,VM00,,,,84,MJ,19.5,26/11/2021 09:20,MJ,,,O,,,,,,,37.1,,,,,70,,,,,,M,,,,,,,,,,,,,,,,,,,,,,,,,,,,,,,,,,,,,,,,,,,,,,,,,,,,,,,,,
N,GBT,BN85122,,NIGAL,,3,,,03/12/2021 07:20,KARTON,BARRA1,13.080,-16.769,,,,,,J1,,VM00,,,,80,NS,20.4,03/12/2021 07:20,NS,,,O,,,,,,,36.3,,,,,68,,,,,,M,,,,,,,,,,,,,,,,,,,,,,,,,,,,,,,,,,,,,,,,,,,,,,,,,,,,,,,,,
N,GBT,BN85126,,NIGAL,,5,,,17/02/2022 07:50,KARTON,BARRA5,13.086,-16.770,,,,,,J1,,VM00,,,,83,WJ,17.4,17/02/2022 07:50,WJ,,,O,,,4,,,,,,,,,65,,,,0,,M,,,,,,,,,,,,,,,net 6,,,B,,,,,,,,,,,,,,,,,,,,,,,,,,,,,,,,,,,,,,,
N,GBT,BN85130,,NIGAL,,5,,,25/02/2022 09:10,SAPU,SAPRIC,13.554,-14.898,,,,,,I5,B1,VM00,,,,82,MM,18.6,25/02/2022 09:10,MM,,,O,,,5,,,,,,,,,,,,,1,,M,,,,,,,,,,,,,,,,,,B,,,,,,,,,,,,,,,,,,,,,,,,,,,,,,,,,,,,,,,
1,GBT,BN85149,,NIGAL,,6,,,07/03/2022 07:00,KARTON,BARRA1,13.080,-16.769,8,20,,,,J1,,VM00,,GBT,E721113,87,GHG,31.5,07/03/2022 07:00,GHG,,,N,,,,,,,,,,,,68,,,,3,,M,,,,,,,,,,,,,,,net 11,weight correct,,B,,,,,,,,,,,,,,,,,,,,,,,,,,,,,,,,,,,,,,,
R,GBT,S647420,,NIGAL,,6,,,09/03/2022 07:10,KARTON,BARRA1,13.080,-16.769,8,20,,,,J1,,VM00,,,,86,MJ,29.1,09/03/2022 07:10,MJ,,,O,,,,,,,,,,,,72,,,,5,,M,,,,,,,,,,,,,,,net 18; BV422 removed,,,B,,,,,,,,,,,,,,,,,,,,,,,,,,,,,,,,,,,,,,,
N,GBT,TL68376,,NIGAL,,5,,,11/03/2022 07:30,KARTON,STALA,13.072,-16.749,,,,,,J1,,VM00,,,,90,WJ,29.8,11/03/2022 07:30,WJ,,,O,,,7,,,,,,,,,68,,,,5,,M,,,,,,,,,,,,,,,net 22,,,B,,,,,,,,,,,,,,,,,,,,,,,,,,,,,,,,,,,,,,,
N,GBT,TL68379,,NIGAL,,6,,,11/03/2022 07:40,KARTON,STALA,13.072,-16.749,,,,,,J1,,VM00,,,,85,KDC,20.3,11/03/2022 07:40,KDC,,,N,,,,,,,,,,,,69,,,,3,,M,,,,,,,,,,,,,,,net 6,,,B,,,,,,,,,,,,,,,,,,,,,,,,,,,,,,,,,,,,,,,
N,GBT,TL68383,,NIGAL,,6,,,12/03/2022 08:00,KARTON,STALA,13.072,-16.749,,,,,,J1,,VM00,,,,82,CH,21.8,12/03/2022 08:00,CH,,,O,,,,,,,,,,,,69,,,,3,,M,,,,,,,,,,,,,,,net 25,,,B,,,,,,,,,,,,,,,,,,,,,,,,,,,,,,,,,,,,,,,
N,GBT,AZX1146,,NIGAL,,5,,,12/03/2022 09:30,KARTON,STALA,13.072,-16.749,,,,,,J1,,VM00,,,,83,GHG,20.9,12/03/2022 09:30,GHG,,,O,,,6,,,,,,,,,65,,,,1,,M,,,,,,,,,,,,,,,net 26,,,B,,,,,,,,,,,,,,,,,,,,,,,,,,,,,,,,,,,,,,,
N,GBT,TL68385,,NIGAL,,5,,,13/03/2022 07:00,KARTON,CAMP,13.091,-16.770,,,,,,J1,,VM00,,,,84,KDC,28.5,13/03/2022 07:00,KDC,,,O,,,5,,,,,,,,,67,,,,5,,M,,,,,,,,,,,,,,,net 1,,,B,,,,,,,,,,,,,,,,,,,,,,,,,,,,,,,,,,,,,,,
N,GBT,TL68388,,NIGAL,,5,,,14/03/2022 07:40,KARTON,BARRA2,13.081,-16.771,,,,,,J1,,VM00,,,,80,KDC,28.1,14/03/2022 07:40,KDC,,,O,,,4,,,,,,,,,62,,,,4,,M,,,,,,,,,,,,,,,net 2,,,B,,,,,,,,,,,,,,,,,,,,,,,,,,,,,,,,,,,,,,,
N,GBT,AZX1280,,NIGAL,,3,,,23/11/2022 07:00,KARTON,BARRA1,13.080,-16.769,,,,,,J1,,VM00,,,,84,WJ,17.3,23/11/2022 07:00,WJ,,,O,,,6,,,,,,,,,62,,,,0,,M,,,,,,,,,,,,,,,net 8,,,B,,,,,,,,,,,,,,,,,,,,,,,,,,,,,,,,,,,,,,,
N,GBT,AZX1281,,NIGAL,,3,,,23/11/2022 07:00,KARTON,BARRA1,13.080,-16.769,,,,,,J1,,VM00,,,,83,RD,19,23/11/2022 07:00,RD,,,O,,,4,,,,,,,,,68,,,,0,,M,,,,,,,,,,,,,,,net 1,,,B,,,,,,,,,,,,,,,,,,,,,,,,,,,,,,,,,,,,,,,
N,GBT,AZX1362,,NIGAL,,3,,,16/12/2022 07:40,KARTON,BARRA5,13.086,-16.770,,,,,,J1,,VM00,,,,84,MCO,20.1,16/12/2022 07:40,MCO,,,O,,,,,,,37.2,,,,,70,,,,1,,M,,,,,,,,,,,,,,,net 6,,,B,,,,,,,,,,,,,,,,,,,,,,,,,,,,,,,,,,,,,,,
N,GBT,AZX1385,,NIGAL,,3,,,30/12/2022 08:50,KARTON,BARRA5,13.086,-16.770,,,,,,J1,,VM00,,,,81,JJ,19.3,30/12/2022 08:50,JJ,,,O,,,,,,,34.4,,,,,66,,,,,,M,,,,,,,,,,,,,,,net 10,,,,,,,,,,,,,,,,,,,,,,,,,,,,,,,,,,,,,,,,,,
N,GBT,TL68396,,NIGAL,,5,,,14/01/2023 08:30,KARTON,BARRA1,13.080,-16.769,,,,,,J1,,VM00,,,,81,GCO,21.1,14/01/2023 08:30,GCO,,,O,,,,,,,35.8,,,,,65,,,,,,M,,,,,,,,,,,,,,,net 21,,,,,,,,,,,,,,,,,,,,,,,,,,,,,,,,,,,,,,,,,,
N,GBT,TL68398,,NIGAL,,5,,,14/01/2023 10:00,KARTON,BARRA1,13.080,-16.769,,,,,,J1,,VM00,,,,81,MJ,18.6,14/01/2023 10:00,MJ,,,O,,,,,,,36.2,,,,,65,,,,,,M,,,,,,,,,,,,,,,net 8,,,,,,,,,,,,,,,,,,,,,,,,,,,,,,,,,,,,,,,,,,
N,GBT,TL68399,,NIGAL,,5,,,18/02/2023 07:00,KARTON,BARRA2,13.081,-16.771,,,,,,J1,,VM00,,,,81,MHE,27.3,18/02/2023 07:00,MHE,,,O,,,4,,,,,,,,,,,,,6,,M,,,,,,,,,,,,,,,net 6,,,B,,,,,,,,,,,,,,,,,,,,,,,,,,,,,,,,,,,,,,,
N,GBT,TL68400,,NIGAL,,5,,,18/02/2023 07:00,KARTON,BARRA2,13.081,-16.771,,,,,,J1,,VM00,,,,83,JV,31.3,18/02/2023 07:00,JV,,,O,,,3,,,,,,,,,,,,,7,,M,,,,,,,,,,,,,,,net 1,,,B,,,,,,,,,,,,,,,,,,,,,,,,,,,,,,,,,,,,,,,
R,GBT,TL68396,,NIGAL,,5,,,19/02/2023 08:00,KARTON,BARRA2,13.081,-16.771,8,20,M,,,J1,,VM00,,,,82,GC,21.6,19/02/2023 08:00,GC,,,O,,,4,,,,,,,S,27.4,65,,,,1,2,M,,,,,,,,,,,,,,,net 5; 58315 fitted,,,B,,,,,,,,,,,,,,,,,,,,,,,,,,,,,,,,,,,,,,,
R,GBT,TL68398,,NIGAL,,5,,,20/02/2023 07:00,KARTON,BARRA1,13.080,-16.769,8,20,,,,J1,,VM00,,,,80,SOK,19.5,20/02/2023 07:00,SOK,,,O,,,9,,,,36.2,,,,,64,,,,,,M,,,,,,,,,,,,,,,net 8,,,,,,,,,,,,,,,,,,,,,,,,,,,,,,,,,,,,,,,,,,
N,GBT,BH91862,,NIGAL,,6,,,23/02/2023 07:00,KARTON,STALA,13.072,-16.749,,,M,,,J1,,VM00,,,,82,ALR,26.3,23/02/2023 07:00,ALR,,,O,,,,,,,,,,S,26.8,69,,,,6,2,M,,,,,,,,,,,,,,,net 4; 58288 fitted,,,B,,,,,,,,,,,,,,,,,,,,,,,,,,,,,,,,,,,,,,,
N,GBT,BH91863,,NIGAL,,6,,,23/02/2023 07:00,KARTON,STALA,13.072,-16.749,,,M,,,J1,,VM00,,,,86,JLS,30.5,23/02/2023 07:00,JLS,,,O,,,,,,,,,,S,27.4,68,,,,7,2,M,,,,,,,,,,,,,,,net 25; 58282 fitted,,,B,,,,,,,,,,,,,,,,,,,,,,,,,,,,,,,,,,,,,,,
N,GBT,BH91864,,NIGAL,,5,,,23/02/2023 07:00,KARTON,STALA,13.072,-16.749,,,,,,J1,,VM00,,,,82,JLS,21.3,23/02/2023 07:00,JLS,,,O,,,4,,,,,,,,,,,,,3,,M,,,,,,,,,,,,,,,net 4,,,B,,,,,,,,,,,,,,,,,,,,,,,,,,,,,,,,,,,,,,,
R,GBT,TL68376,,NIGAL,,6,,,23/02/2023 07:00,KARTON,STALA,13.072,-16.749,8,20,M,,,J1,,VM00,,,,90,KDC,28.6,23/02/2023 07:00,KDC,,,O,,,,,,,,,,S,28.6,71,,,,3,2,M,,,,,,,,,,,,,,,net 9; 58279 fitted,,,B,,,,,,,,,,,,,,,,,,,,,,,,,,,,,,,,,,,,,,,
N,GBT,BH91865,,NIGAL,,5,,,23/02/2023 08:00,KARTON,STALA,13.072,-16.749,,,,,,J1,,VM00,,,,81,WJ,21.2,23/02/2023 08:00,WJ,,,O,,,8,,,,,,,,,59,,,,1,,M,,,,,,,,,,,,,,,net 15,,,B,,,,,,,,,,,,,,,,,,,,,,,,,,,,,,,,,,,,,,,
N,GBT,BH91866,,NIGAL,,5,,,23/02/2023 10:00,KARTON,STALA,13.072,-16.749,,,,,,J1,,VM00,,,,83,AR,30.2,23/02/2023 10:00,AR,,,O,,,5,,,,38.6,,,,,56,,,,4,,M,,,,,,,,,,,,,,,,,,B,,,,,,,,,,,,,,,,,,,,,,,,,,,,,,,,,,,,,,,
N,GBT,BH91867,,NIGAL,,5,,,24/02/2023 08:30,KARTON,STALA,13.072,-16.749,,,,,,J1,,VM00,,,,79,GC,22.6,24/02/2023 08:30,GC,,,O,,,6,,,,,,,S,26.3,62,,,,4,2,M,,,,,,,,,,,,,,,,,,B,,,,,,,,,,,,,,,,,,,,,,,,,,,,,,,,,,,,,,,
R,GBT,BH91866,,NIGAL,,5,,,27/02/2023 07:00,KARTON,STALA,13.072,-16.749,8,20,M,,,J1,,VM00,,,,84,JV,27.2,27/02/2023 07:00,JV,,,O,,,6,,,,36.4,,,S,27.2,66,,,,5,2,M,,,,,,,,,,,,,,,net 15; 58287 fitted,,,B,,,,,,,,,,,,,,,,,,,,,,,,,,,,,,,,,,,,,,,
R,GBT,BH91864,,NIGAL,,5,,,27/02/2023 09:20,KARTON,STALA,13.072,-16.749,8,20,,,,J1,,VM00,,,,81,ALR,21.3,27/02/2023 09:20,ALR,,,O,,,4,,,,,,,,,62,,,,0,,M,,,,,,,,,,,,,,,net 4,,,B,,,,,,,,,,,,,,,,,,,,,,,,,,,,,,,,,,,,,,,
N,GBT,BH91900,,NIGAL,,5,,,02/03/2023 10:00,KARTON,BARRA5,13.086,-16.770,,,,,,J1,,VM00,,,,81,AR,17.2,02/03/2023 10:00,AR,,,O,,,6,,,,37.3,,,,,65,,,,0,,M,,,,,,,,,,,,,,,,,,B,,,,,,,,,,,,,,,,,,,,,,,,,,,,,,,,,,,,,,,
C,GBT,TR12149,,NIGAL,,6,F,,01/07/2023 07:30,ST3319,,50.967,-2.934,8,20,,,,B7,,GBSOM,ST3319,,,80,RCD,18.3,01/07/2023 07:30,RCD,,,,,,,,,,,,,,,,,,,,,,,,,,,,,,,,,,,,,,R,,,,,,,,,,,,,,,,,,,,,,,,,,,,,,,,,,,,,,,,
